Câu hỏi,Mã Ngành,Mã Mục
"Ngành Mạng máy tính và Truyền thông dữ liệu học trong bao lâu thì tốt nghiệp?",I,1
"Tên văn bằng tiếng Anh của ngành Mạng máy tính và Truyền thông dữ liệu là gì?",I,1
"Mục tiêu chung của chương trình đào tạo Kỹ sư Mạng máy tính và Truyền thông dữ liệu là gì?",I,2
"Ngành Mạng máy tính và Truyền thông dữ liệu đào tạo những kỹ năng nghề nghiệp cụ thể nào?",I,2
"Thông tin tuyển sinh chi tiết của ngành Mạng máy tính và Truyền thông dữ liệu được công bố ở đâu?",I,3
"Các phương thức xét tuyển vào ngành Mạng máy tính và Truyền thông dữ liệu gồm những gì?",I,3
"Chuẩn đầu ra về kiến thức của kỹ sư Mạng máy tính và Truyền thông dữ liệu gồm những gì?",I,4
"Kỹ sư Mạng máy tính và Truyền thông dữ liệu cần có những kỹ năng gì khi ra trường?",I,4
"Sau khi tốt nghiệp ngành Mạng máy tính và Truyền thông dữ liệu, tôi có thể làm việc ở đâu?",I,5
"Các vị trí công việc phổ biến cho kỹ sư Mạng máy tính và Truyền thông dữ liệu là gì?",I,5
"Kỹ sư Mạng máy tính và Truyền thông dữ liệu có thể học lên Thạc sĩ, Tiến sĩ không?",I,6
"Cơ hội nâng cao trình độ chuyên môn cho ngành Mạng máy tính và Truyền thông dữ liệu như thế nào?",I,6
"Tổng số tín chỉ cần tích lũy cho ngành Mạng máy tính và Truyền thông dữ liệu là bao nhiêu?",I,7
"Khối kiến thức ngành của chương trình Mạng máy tính và Truyền thông dữ liệu gồm bao nhiêu tín chỉ bắt buộc?",I,7
"Mã ngành của chương trình Công nghệ Thông tin là gì?",II,1
"Thời gian đào tạo để lấy bằng Cử nhân Công nghệ Thông tin là mấy năm?",II,1
"Mục tiêu cụ thể của chương trình đào tạo cử nhân Công nghệ Thông tin là gì?",II,2
"Chương trình Công nghệ Thông tin có những định hướng chuyên sâu nào?",II,2
"Quy chế tuyển sinh ngành Công nghệ Thông tin dựa trên văn bản nào?",II,3
"Đối tượng tuyển sinh của ngành Công nghệ Thông tin là ai?",II,3
"Sinh viên Công nghệ Thông tin cần đạt chuẩn đầu ra về kỹ năng như thế nào?",II,4
"Chuẩn đầu ra về mức độ tự chủ và trách nhiệm của cử nhân Công nghệ Thông tin là gì?",II,4
"Lập trình viên hệ thống có phải là một vị trí việc làm cho cử nhân Công nghệ Thông tin không?",II,5
"Cử nhân Công nghệ Thông tin có thể phát triển lên các vị trí quản lý nào?",II,5
"Khả năng học tập sau đại học của sinh viên ngành Công nghệ Thông tin ra sao?",II,6
"Sinh viên Công nghệ Thông tin có thể nghiên cứu chuyên sâu những gì sau khi tốt nghiệp?",II,6
"Chương trình Cử nhân Công nghệ Thông tin có bao nhiêu tín chỉ kiến thức chung?",II,7
"Số tín chỉ tự chọn trong khối kiến thức ngành của chương trình Công nghệ Thông tin là bao nhiêu?",II,7
"Ngành Công nghệ thông tin định hướng thị trường Nhật Bản đào tạo trong mấy năm?",III,1
"Tên văn bằng tiếng Anh khi tốt nghiệp ngành CNTT định hướng Nhật Bản là gì?",III,1
"Mục tiêu chính của chương trình CNTT định hướng thị trường Nhật Bản là gì?",III,2
"Sinh viên CNTT định hướng Nhật Bản được trang bị những kỹ năng mềm nào?",III,2
"Thông tin tuyển sinh ngành CNTT định hướng Nhật Bản được công bố ở đâu?",III,3
"Các phương thức xét tuyển vào ngành CNTT định hướng Nhật Bản là gì?",III,3
"Chuẩn đầu ra về kiến thức tiếng Nhật của sinh viên CNTT định hướng Nhật Bản là gì?",III,4
"Sinh viên ngành CNTT định hướng Nhật Bản cần có kỹ năng làm việc nào trong môi trường doanh nghiệp Nhật?",III,4
"Kỹ sư cầu nối Nhật Bản có phải là vị trí tiềm năng cho sinh viên tốt nghiệp CNTT định hướng Nhật Bản không?",III,5
"Cơ hội việc làm tại các công ty Nhật cho sinh viên ngành CNTT định hướng Nhật Bản như thế nào?",III,5
"Sinh viên CNTT định hướng Nhật Bản có thể học tiếp lên các bậc học cao hơn không?",III,6
"Khả năng nghiên cứu chuyên sâu sau tốt nghiệp của ngành CNTT định hướng Nhật Bản là gì?",III,6
"Tổng số tín chỉ của chương trình CNTT định hướng thị trường Nhật Bản là bao nhiêu?",III,7
"Trong chương trình CNTT định hướng Nhật Bản, các học phần tiếng Nhật chiếm bao nhiêu tín chỉ?",III,7
"Ngành Trí tuệ nhân tạo có mã số là gì?",IV,1
"Thời gian đào tạo cử nhân ngành Trí tuệ nhân tạo là bao lâu?",IV,1
"Mục tiêu chung của chương trình đào tạo cử nhân Trí tuệ nhân tạo là gì?",IV,2
"Chương trình Trí tuệ nhân tạo trang bị những kỹ năng hiện đại nào cho sinh viên?",IV,2
"Quy trình tuyển sinh ngành Trí tuệ nhân tạo được thực hiện như thế nào?",IV,3
"Có những phương thức xét tuyển nào cho ngành Trí tuệ nhân tạo?",IV,3
"PLO2 về kiến thức của ngành Trí tuệ nhân tạo là gì?",IV,4
"Sinh viên Trí tuệ nhân tạo cần có kỹ năng giao tiếp và ứng xử như thế nào theo chuẩn đầu ra?",IV,4
"Cán bộ R&D có phải là một vị trí việc làm cho cử nhân Trí tuệ nhân tạo không?",IV,5
"Cử nhân Trí tuệ nhân tạo có thể làm việc trong môi trường học thuật ở vị trí nào?",IV,5
"Khả năng học Thạc sĩ, Tiến sĩ của sinh viên tốt nghiệp ngành Trí tuệ nhân tạo?",IV,6
"Sinh viên Trí tuệ nhân tạo có thể tự nghiên cứu nâng cao trình độ sau tốt nghiệp không?",IV,6
"Chương trình Trí tuệ nhân tạo yêu cầu bao nhiêu tín chỉ cho khối kiến thức ngành?",IV,7
"Số tín chỉ tự chọn trong chương trình Trí tuệ nhân tạo là bao nhiêu?",IV,7
"Ngành Công nghệ kỹ thuật điện tử – viễn thông đào tạo trong thời gian bao lâu?",V,1
"Tên tiếng Anh của văn bằng tốt nghiệp ngành CNKT Điện tử – Viễn thông là gì?",V,1
"Mục tiêu cụ thể PO1 của chương trình CNKT Điện tử – Viễn thông là gì?",V,2
"Chương trình CNKT Điện tử – Viễn thông có mục tiêu nào về hội nhập quốc tế không?",V,2
"Thông tin tuyển sinh ngành CNKT Điện tử – Viễn thông được tìm thấy ở đâu?",V,3
"Điều kiện để xét tuyển thẳng vào ngành CNKT Điện tử – Viễn thông là gì?",V,3
"Chuẩn đầu ra PLO3 về kiến thức của ngành CNKT Điện tử – Viễn thông là gì?",V,4
"Sinh viên CNKT Điện tử – Viễn thông cần vận dụng kiến thức chuyên sâu như thế nào?",V,4
"Kỹ sư thiết kế trong lĩnh vực IoT có phải là vị trí cho cử nhân CNKT Điện tử – Viễn thông không?",V,5
"Cử nhân CNKT Điện tử – Viễn thông có thể làm quản lý dự án không?",V,5
"Sau khi tốt nghiệp CNKT Điện tử – Viễn thông, có thể học tiếp lên các chuyên ngành nào?",V,6
"Cơ hội nghiên cứu sau đại học cho ngành CNKT Điện tử – Viễn thông ra sao?",V,6
"Tổng số tín chỉ của chương trình CNKT Điện tử – Viễn thông là bao nhiêu?",V,7
"Khối kiến thức ngành bắt buộc của chương trình CNKT Điện tử – Viễn thông có bao nhiêu tín chỉ?",V,7
"Ngành Kỹ thuật máy tính có thời gian đào tạo là bao nhiêu năm?",VI,1
"Danh hiệu tốt nghiệp của ngành Kỹ thuật máy tính là gì?",VI,1
"Mục tiêu chung của chương trình đào tạo kỹ sư Kỹ thuật máy tính là gì?",VI,2
"Chương trình Kỹ thuật máy tính nhấn mạnh đến việc tự học và nghiên cứu khoa học như thế nào?",VI,2
"Thông tin tuyển sinh ngành Kỹ thuật máy tính được công bố ở đâu?",VI,3
"Các phương thức xét tuyển vào ngành Kỹ thuật máy tính là gì?",VI,3
"PLO4 về kiến thức của ngành Kỹ thuật máy tính liên quan đến việc tích hợp phần cứng và phần mềm như thế nào?",VI,4
"Sinh viên Kỹ thuật máy tính cần có những kỹ năng gì về tư duy logic và sáng tạo?",VI,4
"Kỹ sư lập trình nhúng có phải là một vị trí phù hợp cho người tốt nghiệp ngành Kỹ thuật máy tính không?",VI,5
"Cơ hội trở thành doanh nhân công nghệ cho kỹ sư Kỹ thuật máy tính như thế nào?",VI,5
"Kỹ sư Kỹ thuật máy tính có thể học tiếp lên các chuyên ngành nào sau đại học?",VI,6
"Khả năng nghiên cứu chuyên sâu sau tốt nghiệp của ngành Kỹ thuật máy tính là gì?",VI,6
"Tổng số tín chỉ cần tích lũy cho ngành Kỹ thuật máy tính là bao nhiêu?",VI,7
"Khối kiến thức ngành bắt buộc của chương trình Kỹ thuật máy tính gồm bao nhiêu tín chỉ?",VI,7
"Ngành Kỹ thuật robot là ngành đào tạo thí điểm có mã số bao nhiêu?",VII,1
"Thời gian đào tạo để trở thành Kỹ sư Kỹ thuật robot là mấy năm?",VII,1
"Mục tiêu PO2 của chương trình Kỹ thuật robot là gì?",VII,2
"Chương trình Kỹ thuật robot đào tạo sinh viên về khả năng làm việc nhóm và giao tiếp tiếng Anh như thế nào?",VII,2
"Quy chế tuyển sinh ngành Kỹ thuật robot được quy định bởi ai?",VII,3
"Điều kiện đối tượng dự tuyển vào ngành Kỹ thuật robot là gì?",VII,3
"Chuẩn đầu ra PLO5 về kiến thức của ngành Kỹ thuật robot liên quan đến vấn đề gì?",VII,4
"Sinh viên Kỹ thuật robot cần có kỹ năng thực thi và thí nghiệm giải pháp như thế nào?",VII,4
"Kỹ sư thiết kế robot có phải là một vị trí việc làm cho người tốt nghiệp ngành Kỹ thuật robot không?",VII,5
"Cơ hội làm việc trong các khu công nghiệp cho Kỹ sư Kỹ thuật robot như thế nào?",VII,5
"Kỹ sư Kỹ thuật robot có thể học tiếp lên các chuyên ngành nào sau khi tốt nghiệp?",VII,6
"Khả năng nghiên cứu các vấn đề liên quan đến tự động hóa sau tốt nghiệp của ngành Kỹ thuật robot?",VII,6
"Chương trình Kỹ thuật robot có bao nhiêu tín chỉ cho khối kiến thức theo nhóm ngành?",VII,7
"Số tín chỉ tự chọn trong khối kiến thức ngành của chương trình Kỹ thuật robot là bao nhiêu?",VII,7
"Ngành Công nghệ kỹ thuật cơ điện tử có mã số ngành là gì?",VIII,1
"Tên văn bằng tiếng Anh khi tốt nghiệp ngành CNKT Cơ điện tử là gì?",VIII,1
"Mục tiêu chung của chương trình đào tạo cử nhân CNKT Cơ điện tử là gì?",VIII,2
"Chương trình CNKT Cơ điện tử nhấn mạnh đến khả năng làm việc độc lập và sáng tạo như thế nào?",VIII,2
"Thông tin tuyển sinh ngành CNKT Cơ điện tử được tìm thấy ở đâu?",VIII,3
"Các phương thức xét tuyển vào ngành CNKT Cơ điện tử gồm những gì?",VIII,3
"PLO6 về kiến thức của ngành CNKT Cơ điện tử liên quan đến việc phân tích và thử nghiệm như thế nào?",VIII,4
"Sinh viên CNKT Cơ điện tử cần có kỹ năng chuyên môn nào về thiết kế và thực thi giải pháp?",VIII,4
"Kỹ sư phụ trách công tác kỹ thuật trong doanh nghiệp có phải là vị trí cho cử nhân CNKT Cơ điện tử không?",VIII,5
"Triển vọng trở thành lãnh đạo doanh nghiệp cho người tốt nghiệp ngành CNKT Cơ điện tử?",VIII,5
"Cử nhân CNKT Cơ điện tử có thể học tiếp lên các chuyên ngành nào sau đại học?",VIII,6
"Khả năng nghiên cứu triển khai ứng dụng thực tế sau tốt nghiệp của ngành CNKT Cơ điện tử?",VIII,6
"Tổng số tín chỉ của chương trình CNKT Cơ điện tử là bao nhiêu?",VIII,7
"Khối kiến thức định hướng chuyên sâu của chương trình CNKT Cơ điện tử có bao nhiêu tín chỉ bắt buộc?",VIII,7
"Ngành Kỹ thuật điều khiển và Tự động hóa đào tạo trong thời gian bao lâu?",IX,1
"Danh hiệu tốt nghiệp của ngành Kỹ thuật điều khiển và Tự động hóa là gì?",IX,1
"Mục tiêu PO3 của chương trình Kỹ thuật điều khiển và Tự động hóa là gì?",IX,2
"Chương trình Kỹ thuật điều khiển và Tự động hóa có mục tiêu nào về đạo đức nghề nghiệp không?",IX,2
"Quy chế tuyển sinh ngành Kỹ thuật điều khiển và Tự động hóa được quy định bởi ai?",IX,3
"Điều kiện đối tượng dự tuyển vào ngành Kỹ thuật điều khiển và Tự động hóa là gì?",IX,3
"Chuẩn đầu ra PLO7 về kiến thức của ngành Kỹ thuật điều khiển và Tự động hóa liên quan đến tư duy phản biện như thế nào?",IX,4
"Sinh viên Kỹ thuật điều khiển và Tự động hóa cần có kỹ năng bổ trợ nào về giao tiếp và làm việc nhóm?",IX,4
"Kỹ sư vận hành dây chuyền sản xuất hiện đại có phải là vị trí cho người tốt nghiệp ngành Kỹ thuật điều khiển và Tự động hóa không?",IX,5
"Cơ hội làm việc tại các tập đoàn sản xuất thiết bị tự động cho Kỹ sư Kỹ thuật điều khiển và Tự động hóa?",IX,5
"Kỹ sư Kỹ thuật điều khiển và Tự động hóa có thể học tiếp lên các bậc học nào?",IX,6
"Khả năng học Thạc sĩ, Tiến sĩ sau tốt nghiệp của ngành Kỹ thuật điều khiển và Tự động hóa?",IX,6
"Chương trình Kỹ thuật điều khiển và Tự động hóa có bao nhiêu tín chỉ cho khối kiến thức ngành?",IX,7
"Số tín chỉ tự chọn trong khối kiến thức định hướng chuyên sâu của chương trình Kỹ thuật điều khiển và Tự động hóa là bao nhiêu?",IX,7
"Ngành Cơ kỹ thuật có mã số ngành là gì?",X,1
"Tên văn bằng tiếng Anh khi tốt nghiệp ngành Cơ kỹ thuật là gì?",X,1
"Mục tiêu chung của chương trình đào tạo kỹ sư Cơ kỹ thuật là gì?",X,2
"Chương trình Cơ kỹ thuật nhấn mạnh đến việc giải quyết vấn đề của cuộc sống như thế nào?",X,2
"Thông tin tuyển sinh ngành Cơ kỹ thuật được tìm thấy ở đâu?",X,3
"Các phương thức xét tuyển vào ngành Cơ kỹ thuật gồm những gì?",X,3
"PLO5 về kiến thức của ngành Cơ kỹ thuật liên quan đến việc sử dụng kiến thức chuyên sâu như thế nào?",X,4
"Sinh viên Cơ kỹ thuật cần có kỹ năng nào về phân tích, tổng hợp và đánh giá dữ liệu?",X,4
"Kỹ sư thiết kế trong lĩnh vực xây dựng có phải là vị trí cho người tốt nghiệp ngành Cơ kỹ thuật không?",X,5
"Cơ hội làm việc trong các nhà máy thủy điện cho Kỹ sư Cơ kỹ thuật như thế nào?",X,5
"Kỹ sư Cơ kỹ thuật có thể học tiếp lên các chuyên ngành nào sau đại học?",X,6
"Khả năng nghiên cứu triển khai ứng dụng thực tế sau tốt nghiệp của ngành Cơ kỹ thuật?",X,6
"Tổng số tín chỉ của chương trình Cơ kỹ thuật là bao nhiêu?",X,7
"Khối kiến thức định hướng chuyên sâu của chương trình Cơ kỹ thuật có bao nhiêu tín chỉ thực tập?",X,7
"Ngành Vật lý Kỹ thuật đào tạo trong thời gian bao lâu?",XI,1
"Danh hiệu tốt nghiệp của ngành Vật lý Kỹ thuật là gì?",XI,1
"Mục tiêu MT2 của chương trình Vật lý Kỹ thuật là gì?",XI,2
"Chương trình Vật lý Kỹ thuật có mục tiêu nào về kỹ năng làm việc độc lập và nhóm không?",XI,2
"Quy chế tuyển sinh ngành Vật lý Kỹ thuật được quy định bởi ai?",XI,3
"Điều kiện đối tượng dự tuyển vào ngành Vật lý Kỹ thuật là gì?",XI,3
"Chuẩn đầu ra PLO8 về kiến thức của ngành Vật lý Kỹ thuật liên quan đến việc đánh giá và đưa ra nhận định như thế nào?",XI,4
"Sinh viên Vật lý Kỹ thuật cần có kỹ năng nào về thiết kế và xây dựng hệ thống kỹ thuật?",XI,4
"Cán bộ kỹ thuật trong lĩnh vực vật liệu mới có phải là vị trí cho cử nhân Vật lý Kỹ thuật không?",XI,5
"Cơ hội làm việc tại các công ty công nghệ về vi điện tử cho người tốt nghiệp ngành Vật lý Kỹ thuật?",XI,5
"Cử nhân Vật lý Kỹ thuật có thể học tiếp lên các lĩnh vực nào sau đại học?",XI,6
"Khả năng nghiên cứu về vật lý chất rắn sau tốt nghiệp của ngành Vật lý Kỹ thuật?",XI,6
"Chương trình Vật lý Kỹ thuật có bao nhiêu tín chỉ cho khối kiến thức ngành?",XI,7
"Số tín chỉ tự chọn trong khối kiến thức định hướng chuyên sâu của chương trình Vật lý Kỹ thuật là bao nhiêu?",XI,7
"Ngành Kỹ thuật năng lượng có mã số ngành là gì?",XII,1
"Tên văn bằng tiếng Anh khi tốt nghiệp ngành Kỹ thuật năng lượng là gì?",XII,1
"Mục tiêu chung của chương trình đào tạo kỹ sư Kỹ thuật năng lượng là gì?",XII,2
"Chương trình Kỹ thuật năng lượng nhấn mạnh đến kiến thức về năng lượng tái tạo như thế nào?",XII,2
"Thông tin tuyển sinh ngành Kỹ thuật năng lượng được tìm thấy ở đâu?",XII,3
"Các phương thức xét tuyển vào ngành Kỹ thuật năng lượng gồm những gì?",XII,3
"PLO7 về kiến thức của ngành Kỹ thuật năng lượng liên quan đến sản xuất và quản lý năng lượng như thế nào?",XII,4
"Sinh viên Kỹ thuật năng lượng cần có kỹ năng nào về xây dựng kế hoạch và quản lý tiết kiệm năng lượng?",XII,4
"Kỹ sư phát triển năng lượng mặt trời có phải là vị trí cho người tốt nghiệp ngành Kỹ thuật năng lượng không?",XII,5
"Cơ hội làm việc trong lĩnh vực quản lý dự án năng lượng cho Kỹ sư Kỹ thuật năng lượng?",XII,5
"Kỹ sư Kỹ thuật năng lượng có thể học tiếp lên các chuyên ngành nào sau đại học?",XII,6
"Khả năng nghiên cứu về vật liệu và linh kiện năng lượng sau tốt nghiệp của ngành Kỹ thuật năng lượng?",XII,6
"Tổng số tín chỉ của chương trình Kỹ thuật năng lượng là bao nhiêu?",XII,7
"Khối kiến thức chuyên ngành Năng lượng mặt trời của chương trình Kỹ thuật năng lượng có bao nhiêu tín chỉ bắt buộc?",XII,7
"Ngành Công nghệ Kỹ thuật xây dựng đào tạo trong thời gian bao lâu?",XIII,1
"Danh hiệu tốt nghiệp của ngành Công nghệ Kỹ thuật xây dựng là gì?",XIII,1
"Mục tiêu chung của chương trình đào tạo kỹ sư Công nghệ Kỹ thuật xây dựng là gì?",XIII,2
"Chương trình Công nghệ Kỹ thuật xây dựng có mục tiêu nào về tư duy khởi nghiệp không?",XIII,2
"Quy chế tuyển sinh ngành Công nghệ Kỹ thuật xây dựng được quy định bởi ai?",XIII,3
"Điều kiện đối tượng dự tuyển vào ngành Công nghệ Kỹ thuật xây dựng là gì?",XIII,3
"Chuẩn đầu ra PLO3 về kiến thức của ngành Công nghệ Kỹ thuật xây dựng liên quan đến giải quyết bài toán như thế nào?",XIII,4
"Sinh viên Công nghệ Kỹ thuật xây dựng cần có kỹ năng nào về sử dụng BIM?",XIII,4
"Cán bộ giám sát công trình giao thông có phải là vị trí cho người tốt nghiệp ngành Công nghệ Kỹ thuật xây dựng không?",XIII,5
"Cơ hội làm việc tại các Sở Xây dựng cho Kỹ sư Công nghệ Kỹ thuật xây dựng?",XIII,5
"Kỹ sư Công nghệ Kỹ thuật xây dựng có thể học tiếp lên các chuyên ngành nào sau đại học?",XIII,6
"Khả năng nghiên cứu về Kỹ thuật cơ sở hạ tầng sau tốt nghiệp của ngành Công nghệ Kỹ thuật xây dựng?",XIII,6
"Chương trình Công nghệ Kỹ thuật xây dựng có bao nhiêu tín chỉ cho khối kiến thức ngành?",XIII,7
"Số tín chỉ tự chọn trong khối kiến thức ngành của chương trình Công nghệ Kỹ thuật xây dựng là bao nhiêu?",XIII,7
"Ngành Công nghệ Hàng không Vũ trụ có mã số ngành là gì?",XIV,1
"Tên văn bằng tiếng Anh khi tốt nghiệp ngành Công nghệ Hàng không Vũ trụ là gì?",XIV,1
"Mục tiêu A1 của chương trình Công nghệ Hàng không Vũ trụ là gì?",XIV,2
"Chương trình Công nghệ Hàng không Vũ trụ nhấn mạnh đến việc thiết kế thiết bị bay như thế nào?",XIV,2
"Thông tin tuyển sinh ngành Công nghệ Hàng không Vũ trụ được tìm thấy ở đâu?",XIV,3
"Các phương thức xét tuyển vào ngành Công nghệ Hàng không Vũ trụ gồm những gì?",XIV,3
"PLO6 về kiến thức của ngành Công nghệ Hàng không Vũ trụ liên quan đến khí động lực học như thế nào?",XIV,4
"Sinh viên Công nghệ Hàng không Vũ trụ cần có kỹ năng nào về làm thí nghiệm mô hình thiết bị bay?",XIV,4
"Kỹ sư thiết kế vệ tinh có phải là vị trí cho người tốt nghiệp ngành Công nghệ Hàng không Vũ trụ không?",XIV,5
"Cơ hội làm việc trong lĩnh vực xử lý ảnh viễn thám cho Kỹ sư Công nghệ Hàng không Vũ trụ?",XIV,5
"Kỹ sư Công nghệ Hàng không Vũ trụ có thể học tiếp lên các ngành nào sau đại học?",XIV,6
"Khả năng nghiên cứu về Cơ điện tử sau tốt nghiệp của ngành Công nghệ Hàng không Vũ trụ?",XIV,6
"Tổng số tín chỉ của chương trình Công nghệ Hàng không Vũ trụ là bao nhiêu?",XIV,7
"Khối kiến thức tự chọn bổ trợ của chương trình Công nghệ Hàng không Vũ trụ có bao nhiêu tín chỉ?",XIV,7
"Ngành Công nghệ nông nghiệp đào tạo trong thời gian bao lâu và cấp bằng gì?",XV,1
"Mã ngành của chương trình Công nghệ nông nghiệp là gì?",XV,1
"Mục tiêu chung của chương trình Kỹ sư Công nghệ nông nghiệp là gì?",XV,2
"Chương trình Công nghệ nông nghiệp đào tạo kỹ năng về công nghệ thông tin và tự động hóa như thế nào?",XV,2
"Quy trình tuyển sinh ngành Công nghệ nông nghiệp được thực hiện ra sao?",XV,3
"Đối tượng nào được xét tuyển thẳng vào ngành Công nghệ nông nghiệp?",XV,3
"PLO4 về kiến thức của ngành Công nghệ nông nghiệp liên quan đến việc lựa chọn quy trình công nghệ như thế nào?",XV,4
"Sinh viên Công nghệ nông nghiệp cần có kỹ năng thực hành các công nghệ tiên tiến ra sao?",XV,4
"Cán bộ kỹ thuật chọn tạo giống cây trồng có phải là vị trí cho Kỹ sư Công nghệ nông nghiệp không?",XV,5
"Cơ hội khởi nghiệp trong lĩnh vực nông nghiệp công nghệ cao cho người tốt nghiệp ngành Công nghệ nông nghiệp?",XV,5
"Kỹ sư Công nghệ nông nghiệp có thể học tiếp lên các chuyên ngành nào về công nghệ thông tin?",XV,6
"Khả năng nghiên cứu về nano nông nghiệp sau tốt nghiệp của ngành Công nghệ nông nghiệp?",XV,6
"Chương trình Công nghệ nông nghiệp có bao nhiêu tín chỉ cho khối kiến thức ngành?",XV,7
"Số tín chỉ tự chọn theo định hướng chuyên sâu của chương trình Công nghệ nông nghiệp là bao nhiêu?",XV,7
"Ngành Thiết kế công nghiệp và đồ họa có mã số đề xuất là gì?",XVI,1
"Thời gian đào tạo cử nhân ngành Thiết kế công nghiệp và đồ họa là bao lâu?",XVI,1
"Mục tiêu chung của chương trình đào tạo cử nhân Thiết kế công nghiệp và đồ họa là gì?",XVI,2
"Chương trình Thiết kế công nghiệp và đồ họa trang bị kiến thức về thiết kế mỹ thuật như thế nào?",XVI,2
"Hình thức tuyển sinh của ngành Thiết kế công nghiệp và đồ họa là gì?",XVI,3
"Dự kiến quy mô tuyển sinh hàng năm của ngành Thiết kế công nghiệp và đồ họa?",XVI,3
"PLO3 về kiến thức của ngành Thiết kế công nghiệp và đồ họa liên quan đến giải quyết bài toán như thế nào?",XVI,4
"Sinh viên Thiết kế công nghiệp và đồ họa cần có kỹ năng sử dụng công cụ thiết kế hiện đại ra sao?",XVI,4
"Nhà sản xuất thiết kế đồ họa có phải là một vị trí cho cử nhân Thiết kế công nghiệp và đồ họa không?",XVI,5
"Cơ hội làm việc trong lĩnh vực thiết kế nội thất cho người tốt nghiệp ngành Thiết kế công nghiệp và đồ họa?",XVI,5
"Cử nhân Thiết kế công nghiệp và đồ họa có thể học tiếp lên các lĩnh vực nào sau đại học?",XVI,6
"Khả năng nghiên cứu về thiết kế hệ thống sau tốt nghiệp của ngành Thiết kế công nghiệp và đồ họa?",XVI,6
"Tổng số tín chỉ của chương trình Thiết kế công nghiệp và đồ họa là bao nhiêu?",XVI,7
"Khối kiến thức ngành bắt buộc của chương trình Thiết kế công nghiệp và đồ họa có bao nhiêu tín chỉ?",XVI,7
"Ngành Công nghệ vật liệu có tên chương trình đào tạo cụ thể là gì?",XVII,1
"Tên văn bằng tiếng Anh khi tốt nghiệp ngành Công nghệ vật liệu (chương trình CN Vật liệu và Vi điện tử) là gì?",XVII,1
"Mục tiêu chung của CTĐT Kỹ sư Công nghệ Vật liệu và Vi điện tử là gì?",XVII,2
"Chương trình CN Vật liệu và Vi điện tử đào tạo khả năng đổi mới sáng tạo như thế nào?",XVII,2
"Thông tin tuyển sinh ngành CN Vật liệu và Vi điện tử có những hình thức nào?",XVII,3
"Đối tượng nào được xét tuyển vào ngành CN Vật liệu và Vi điện tử?",XVII,3
"PLO4 về kiến thức của ngành CN Vật liệu và Vi điện tử liên quan đến kỹ thuật chế tạo linh kiện như thế nào?",XVII,4
"Sinh viên CN Vật liệu và Vi điện tử cần có kỹ năng thiết kế và thực hiện thí nghiệm ra sao?",XVII,4
"Chuyên viên tư vấn công nghệ vật liệu có phải là vị trí cho Kỹ sư CN Vật liệu và Vi điện tử không?",XVII,5
"Cơ hội làm việc trong lĩnh vực vi điện tử cho người tốt nghiệp ngành CN Vật liệu và Vi điện tử?",XVII,5
"Kỹ sư CN Vật liệu và Vi điện tử có thể học tiếp lên các lĩnh vực nào về vật lý?",XVII,6
"Khả năng nghiên cứu về linh kiện micro-nano sau tốt nghiệp của ngành CN Vật liệu và Vi điện tử?",XVII,6
"Chương trình CN Vật liệu và Vi điện tử có bao nhiêu tín chỉ cho khối kiến thức ngành?",XVII,7
"Số tín chỉ tự chọn trong khối kiến thức định hướng chuyên sâu của chương trình CN Vật liệu và Vi điện tử là bao nhiêu?",XVII,7
"Ngành Công nghệ sinh học (chương trình CNKT sinh học) có mã số ngành là gì?",XVIII,1
"Thời gian đào tạo Kỹ sư ngành Công nghệ sinh học (chương trình CNKT sinh học) là bao lâu?",XVIII,1
"Mục tiêu chung của chương trình đào tạo Kỹ sư ngành Công nghệ sinh học là gì?",XVIII,2
"Chương trình CNKT sinh học nhấn mạnh đến việc kết hợp Khoa học dữ liệu và Trí tuệ nhân tạo như thế nào?",XVIII,2
"Hình thức tuyển sinh của ngành Công nghệ sinh học (chương trình CNKT sinh học) là gì?",XVIII,3
"Quy mô tuyển sinh dự kiến hàng năm của ngành Công nghệ sinh học (chương trình CNKT sinh học)?",XVIII,3
"PLO3 về kiến thức của ngành Công nghệ sinh học (chương trình CNKT sinh học) liên quan đến phân tích kiến thức sinh học như thế nào?",XVIII,4
"Sinh viên Công nghệ sinh học (chương trình CNKT sinh học) cần có kỹ năng thuyết trình và dẫn dắt nhóm ra sao?",XVIII,4
"Nhân viên phân tích dữ liệu sinh học có phải là vị trí cho Kỹ sư Công nghệ sinh học không?",XVIII,5
"Cơ hội làm việc trong lĩnh vực y tế cho người tốt nghiệp ngành Công nghệ sinh học (chương trình CNKT sinh học)?",XVIII,5
"Kỹ sư Công nghệ sinh học (chương trình CNKT sinh học) có thể học tiếp lên các chuyên ngành nào về công nghệ thông tin?",XVIII,6
"Khả năng nghiên cứu về công nghệ thực phẩm sau tốt nghiệp của ngành Công nghệ sinh học (chương trình CNKT sinh học)?",XVIII,6
"Tổng số tín chỉ của chương trình Công nghệ sinh học (chương trình CNKT sinh học) là bao nhiêu?",XVIII,7
"Khối kiến thức ngành bắt buộc của chương trình Công nghệ sinh học (chương trình CNKT sinh học) có bao nhiêu tín chỉ?",XVIII,7
"Ngành Khoa học dữ liệu có tên chương trình đào tạo cụ thể là gì?",XIX,1
"Tên văn bằng tiếng Anh khi tốt nghiệp ngành Khoa học dữ liệu (chương trình Khoa học và kỹ thuật dữ liệu) là gì?",XIX,1
"Mục tiêu chung của CTĐT Cử nhân Khoa học và kỹ thuật dữ liệu là gì?",XIX,2
"Chương trình Khoa học và kỹ thuật dữ liệu đào tạo khả năng tự đào tạo và cập nhật công nghệ mới như thế nào?",XIX,2
"Thông tin tuyển sinh ngành Khoa học dữ liệu (chương trình Khoa học và kỹ thuật dữ liệu) có những hình thức nào?",XIX,3
"Đối tượng nào được xét tuyển vào ngành Khoa học dữ liệu (chương trình Khoa học và kỹ thuật dữ liệu)?",XIX,3
"PLO4 về kiến thức của ngành Khoa học dữ liệu liên quan đến việc tổng hợp và phân tích kiến thức chuyên sâu như thế nào?",XIX,4
"Sinh viên Khoa học dữ liệu cần có kỹ năng làm việc độc lập và tự định hướng chuyên môn ra sao?",XIX,4
"Cán bộ phân tích kinh doanh có phải là vị trí cho cử nhân Khoa học dữ liệu không?",XIX,5
"Cơ hội làm việc trong môi trường học thuật cho người tốt nghiệp ngành Khoa học dữ liệu?",XIX,5
"Cử nhân Khoa học dữ liệu có thể học tiếp lên các bậc học nào?",XIX,6
"Khả năng nghiên cứu về Trí tuệ nhân tạo sau tốt nghiệp của ngành Khoa học dữ liệu?",XIX,6
"Chương trình Khoa học và kỹ thuật dữ liệu có bao nhiêu tín chỉ cho khối kiến thức ngành?",XIX,7
"Số tín chỉ tự chọn theo định hướng chuyên sâu của chương trình Khoa học và kỹ thuật dữ liệu là bao nhiêu?",XIX,7
"Ngành Khoa học Máy tính có mã số đào tạo là gì?",XX,1
"Thời gian đào tạo cử nhân ngành Khoa học Máy tính là bao lâu?",XX,1
"Mục tiêu chung của chương trình đào tạo Cử nhân Khoa học Máy tính là gì?",XX,2
"Chương trình Khoa học Máy tính nhấn mạnh đến việc phát triển kỹ năng lập trình như thế nào?",XX,2
"Quy trình tuyển sinh ngành Khoa học Máy tính được thực hiện như thế nào?",XX,3
"Có những phương thức xét tuyển nào cho ngành Khoa học Máy tính?",XX,3
"PLO1.4 về kiến thức của ngành Khoa học Máy tính liên quan đến việc liên kết kiến thức chuyên sâu như thế nào?",XX,4
"Sinh viên Khoa học Máy tính cần có kỹ năng nghiên cứu, phát triển và thử nghiệm giải pháp định hướng khởi nghiệp ra sao?",XX,4
"Kỹ sư xử lý và phân tích dữ liệu có phải là một vị trí cho cử nhân Khoa học Máy tính không?",XX,5
"Cơ hội làm việc tại các phòng R&D cho người tốt nghiệp ngành Khoa học Máy tính?",XX,5
"Cử nhân Khoa học Máy tính có thể học tiếp lên các chương trình nào sau đại học?",XX,6
"Khả năng nghiên cứu về các mô hình và thuật toán sau tốt nghiệp của ngành Khoa học Máy tính?",XX,6
"Chương trình Khoa học Máy tính yêu cầu bao nhiêu tín chỉ cho khối kiến thức ngành?",XX,7
"Số tín chỉ tự chọn trong khối kiến thức ngành của chương trình Khoa học Máy tính là bao nhiêu?",XX,7
"Chương trình Mạng máy tính và Truyền thông dữ liệu cấp bằng Kỹ sư hay Cử nhân?",I,1
"Mục tiêu của ngành Mạng máy tính và Truyền thông dữ liệu là đào tạo nhân lực cho thị trường nào?",I,2
"Ngành Mạng máy tính và Truyền thông dữ liệu có xét tuyển bằng điểm thi Đánh giá năng lực không?",I,3
"Sinh viên tốt nghiệp Mạng máy tính và Truyền thông dữ liệu cần có năng lực tự chủ ra sao?",I,4
"Kỹ sư Mạng máy tính và Truyền thông dữ liệu có thể làm chuyên viên tư vấn được không?",I,5
"Cơ hội học Thạc sĩ ngành Mạng máy tính và Truyền thông dữ liệu ở nước ngoài?",I,6
"Khối kiến thức chung theo lĩnh vực của ngành Mạng máy tính và Truyền thông dữ liệu gồm bao nhiêu tín chỉ?",I,7
"Thời gian đào tạo chính thức của ngành Công nghệ Thông tin là mấy năm?",II,1
"Một trong các mục tiêu cụ thể của chương trình Công nghệ Thông tin là gì?",II,2
"Quy trình xét tuyển vào Công nghệ Thông tin có điểm gì cần lưu ý không?",II,3
"Chuẩn đầu ra về kỹ năng làm việc độc lập của ngành Công nghệ Thông tin?",II,4
"Cơ hội làm việc trong lĩnh vực phân tích dữ liệu cho cử nhân Công nghệ Thông tin?",II,5
"Sinh viên Công nghệ Thông tin có thể tiếp tục nghiên cứu chuyên sâu sau tốt nghiệp không?",II,6
"Số tín chỉ cho Khóa luận tốt nghiệp của ngành Công nghệ Thông tin là bao nhiêu?",II,7
"Ngành CNTT định hướng Nhật Bản đào tạo trong bao lâu?",III,1
"Chương trình CNTT định hướng Nhật Bản nhằm đào tạo kỹ sư làm việc ở đâu?",III,2
"Điều kiện ngoại ngữ để xét tuyển vào CNTT định hướng Nhật Bản là gì?",III,3
"Sinh viên CNTT định hướng Nhật Bản cần đạt chuẩn tiếng Nhật N mấy?",III,4
"Ngoài kỹ sư cầu nối, sinh viên CNTT định hướng Nhật Bản còn làm được gì?",III,5
"Khả năng học lên Tiến sĩ cho ngành CNTT định hướng Nhật Bản?",III,6
"Chương trình CNTT định hướng Nhật Bản có bao nhiêu tín chỉ cho các học phần bắt buộc của ngành?",III,7
"Ngành Trí tuệ nhân tạo thuộc khối ngành nào?",IV,1
"Mục tiêu đào tạo của ngành Trí tuệ nhân tạo hướng đến việc đáp ứng nhu cầu nhân lực nào?",IV,2
"Thông tin tuyển sinh mới nhất của ngành Trí tuệ nhân tạo xem ở đâu?",IV,3
"Sinh viên Trí tuệ nhân tạo cần có những kiến thức liên ngành nào?",IV,4
"Vị trí cán bộ quản lý hệ thống ứng dụng AI có phù hợp với cử nhân Trí tuệ nhân tạo không?",IV,5
"Người tốt nghiệp Trí tuệ nhân tạo có thể học thạc sĩ các ngành nào?",IV,6
"Khối kiến thức ngành của chương trình Trí tuệ nhân tạo có bao nhiêu tín chỉ tự chọn?",IV,7
"Văn bằng tốt nghiệp của ngành CNKT Điện tử – Viễn thông ghi danh hiệu gì?",V,1
"Chương trình CNKT Điện tử – Viễn thông có mục tiêu đào tạo kỹ năng thực tế không?",V,2
"Để vào ngành CNKT Điện tử – Viễn thông, có thể dùng điểm thi THPT không?",V,3
"PLO 2 về kiến thức của ngành CNKT Điện tử – Viễn thông là gì?",V,4
"Cử nhân CNKT Điện tử – Viễn thông có thể làm trong lĩnh vực Điện tử y sinh không?",V,5
"Học xong CNKT Điện tử – Viễn thông có thể học lên Kỹ thuật Cơ điện tử được không?",V,6
"Chương trình CNKT Điện tử – Viễn thông có bao nhiêu tín chỉ khối kiến thức theo nhóm ngành?",V,7
"Ngành Kỹ thuật máy tính đào tạo kỹ sư hay cử nhân?",VI,1
"Một trong những mục tiêu cụ thể của ngành Kỹ thuật máy tính là gì?",VI,2
"Ngành Kỹ thuật máy tính có ưu tiên xét tuyển không?",VI,3
"Sinh viên Kỹ thuật máy tính cần vận dụng kiến thức Toán và CNTT như thế nào?",VI,4
"Làm giảng viên đại học có phải là một hướng đi cho kỹ sư Kỹ thuật máy tính không?",VI,5
"Sau khi tốt nghiệp Kỹ thuật máy tính, có thể học tiếp về Kỹ thuật Robot không?",VI,6
"Số tín chỉ cho các học phần bắt buộc của ngành Kỹ thuật máy tính là bao nhiêu?",VI,7
"Ngành Kỹ thuật robot có thời gian đào tạo chuẩn là bao nhiêu?",VII,1
"Mục tiêu PO3 của chương trình Kỹ thuật robot nhấn mạnh kỹ năng gì?",VII,2
"Chỉ tiêu tuyển sinh hàng năm của ngành Kỹ thuật robot là bao nhiêu?",VII,3
"Chuẩn đầu ra kiến thức PLO4 ngành Kỹ thuật robot liên quan đến những hệ thống nào?",VII,4
"Kỹ sư Kỹ thuật robot có thể làm việc trong lĩnh vực thiết kế phần cứng không?",VII,5
"Khả năng học Thạc sĩ về điều khiển tự động sau khi tốt nghiệp Kỹ thuật robot?",VII,6
"Tổng số tín chỉ của khối kiến thức ngành trong chương trình Kỹ thuật robot?",VII,7
"Tên tiếng Anh của ngành Công nghệ kỹ thuật cơ điện tử là gì?",VIII,1
"Mục tiêu của chương trình CNKT Cơ điện tử là đào tạo kỹ sư có khả năng gì?",VIII,2
"Ngành CNKT Cơ điện tử xét tuyển những tổ hợp môn nào?",VIII,3
"PLO7 về kiến thức của ngành CNKT Cơ điện tử là gì?",VIII,4
"Chuyên viên tư vấn kỹ thuật có phải là vị trí phù hợp cho cử nhân CNKT Cơ điện tử không?",VIII,5
"Học xong CNKT Cơ điện tử có thể học lên Cơ kỹ thuật được không?",VIII,6
"Số tín chỉ thực tập trong chương trình CNKT Cơ điện tử là bao nhiêu?",VIII,7
"Ngành Kỹ thuật điều khiển và Tự động hóa cấp bằng Kỹ sư trong bao lâu?",IX,1
"Một trong những mục tiêu của ngành Kỹ thuật điều khiển và Tự động hóa là gì?",IX,2
"Thông tin về đề án tuyển sinh ngành Kỹ thuật điều khiển và Tự động hóa xem ở đâu?",IX,3
"Chuẩn đầu ra kiến thức PLO5 ngành Kỹ thuật điều khiển và Tự động hóa yêu cầu gì?",IX,4
"Kỹ sư Kỹ thuật điều khiển và Tự động hóa có thể làm việc ở nhà máy chế biến thực phẩm không?",IX,5
"Cơ hội học lên Tiến sĩ cho ngành Kỹ thuật điều khiển và Tự động hóa?",IX,6
"Khối kiến thức bổ trợ của ngành Kỹ thuật điều khiển và Tự động hóa có bao nhiêu tín chỉ?",IX,7
"Mã ngành của ngành Cơ kỹ thuật là gì?",X,1
"Chương trình Cơ kỹ thuật đào tạo kỹ sư có năng lực làm việc độc lập, sáng tạo không?",X,2
"Điều kiện xét tuyển thẳng vào ngành Cơ kỹ thuật?",X,3
"PLO2 về kiến thức của ngành Cơ kỹ thuật yêu cầu vận dụng kiến thức gì?",X,4
"Kỹ sư Cơ kỹ thuật có thể làm việc trong lĩnh vực Giao thông không?",X,5
"Khả năng học Thạc sĩ ngành Cơ kỹ thuật ở nước ngoài?",X,6
"Tổng số tín chỉ khối kiến thức ngành của chương trình Cơ kỹ thuật?",X,7
"Ngành Vật lý Kỹ thuật đào tạo cử nhân trong mấy năm?",XI,1
"Mục tiêu đào tạo của ngành Vật lý Kỹ thuật liên quan đến công nghệ nano như thế nào?",XI,2
"Ngành Vật lý Kỹ thuật có xét tuyển dựa trên chứng chỉ IELTS không?",XI,3
"Chuẩn đầu ra kiến thức PLO6 của ngành Vật lý Kỹ thuật là gì?",XI,4
"Cử nhân Vật lý Kỹ thuật có thể làm việc trong lĩnh vực y sinh không?",XI,5
"Khả năng học lên các bậc cao hơn về khoa học vật liệu sau khi tốt nghiệp Vật lý Kỹ thuật?",XI,6
"Số tín chỉ bắt buộc của khối kiến thức định hướng chuyên sâu ngành Vật lý Kỹ thuật?",XI,7
"Ngành Kỹ thuật năng lượng có phải là ngành đào tạo thí điểm không?",XII,1
"Chương trình Kỹ thuật năng lượng đào tạo kỹ sư có kiến thức về quản lý năng lượng không?",XII,2
"Thông tin về tổ hợp môn xét tuyển ngành Kỹ thuật năng lượng?",XII,3
"PLO9 về kiến thức của ngành Kỹ thuật năng lượng yêu cầu đánh giá vấn đề gì?",XII,4
"Kỹ sư Kỹ thuật năng lượng có thể làm việc trong lĩnh vực năng lượng gió không?",XII,5
"Sau khi tốt nghiệp Kỹ thuật năng lượng có thể học tiếp về vật lý ứng dụng không?",XII,6
"Số tín chỉ tự chọn chuyên ngành của chương trình Kỹ thuật năng lượng?",XII,7
"Tên văn bằng tiếng Việt của ngành Công nghệ Kỹ thuật xây dựng là gì?",XIII,1
"Mục tiêu của ngành Công nghệ Kỹ thuật xây dựng là đào tạo kỹ sư có khả năng gì trong quản lý dự án?",XIII,2
"Ngành Công nghệ Kỹ thuật xây dựng có xét tuyển dựa trên kết quả thi ĐGNL không?",XIII,3
"Chuẩn đầu ra kiến thức PLO4 ngành Công nghệ Kỹ thuật xây dựng liên quan đến thiết kế và thi công như thế nào?",XIII,4
"Cán bộ thẩm định dự án xây dựng có phải là vị trí cho kỹ sư Công nghệ Kỹ thuật xây dựng không?",XIII,5
"Khả năng học Thạc sĩ về Quản lý Xây dựng sau khi tốt nghiệp Công nghệ Kỹ thuật xây dựng?",XIII,6
"Tổng số tín chỉ khối kiến thức ngành của chương trình Công nghệ Kỹ thuật xây dựng?",XIII,7
"Ngành Công nghệ Hàng không Vũ trụ đào tạo bằng tiếng gì?",XIV,1
"Chương trình Công nghệ Hàng không Vũ trụ có mục tiêu đào tạo về thiết kế thiết bị bay không?",XIV,2
"Thông tin tuyển sinh ngành Công nghệ Hàng không Vũ trụ có trên website trường không?",XIV,3
"PLO7 về kiến thức của ngành Công nghệ Hàng không Vũ trụ thuộc định hướng nào?",XIV,4
"Kỹ sư vận hành thiết bị bay có phải là một vị trí cho người tốt nghiệp ngành Công nghệ Hàng không Vũ trụ không?",XIV,5
"Sau khi tốt nghiệp Công nghệ Hàng không Vũ trụ có thể học tiếp về Cơ điện tử không?",XIV,6
"Số tín chỉ thực tập trong chương trình Công nghệ Hàng không Vũ trụ là bao nhiêu?",XIV,7
"Ngành Công nghệ nông nghiệp cấp bằng Kỹ sư trong bao lâu?",XV,1
"Mục tiêu của ngành Công nghệ nông nghiệp là đào tạo kỹ sư có kiến thức về công nghệ sinh học không?",XV,2
"Ngành Công nghệ nông nghiệp có ưu tiên xét tuyển học sinh giỏi quốc gia không?",XV,3
"Chuẩn đầu ra kiến thức PLO5 ngành Công nghệ nông nghiệp liên quan đến sản xuất bền vững như thế nào?",XV,4
"Cán bộ kỹ thuật nhân giống cây trồng có phải là vị trí cho kỹ sư Công nghệ nông nghiệp không?",XV,5
"Khả năng học Thạc sĩ về công nghệ thông tin sau khi tốt nghiệp Công nghệ nông nghiệp?",XV,6
"Tổng số tín chỉ khối kiến thức ngành của chương trình Công nghệ nông nghiệp là bao nhiêu?",XV,7
"Ngành Thiết kế công nghiệp và đồ họa có phải ngành đào tạo thí điểm không?",XVI,1
"Mục tiêu của ngành Thiết kế công nghiệp và đồ họa là đào tạo công trình sư trong lĩnh vực nào?",XVI,2
"Quy mô tuyển sinh dự kiến của ngành Thiết kế công nghiệp và đồ họa?",XVI,3
"Chuẩn đầu ra kiến thức PLO2 của ngành Thiết kế công nghiệp và đồ họa là gì?",XVI,4
"Cử nhân Thiết kế công nghiệp và đồ họa có thể làm thiết kế quy trình sản xuất không?",XVI,5
"Sau khi tốt nghiệp Thiết kế công nghiệp và đồ họa có thể học lên về thiết kế mỹ thuật không?",XVI,6
"Số tín chỉ tự chọn trong khối kiến thức ngành của chương trình Thiết kế công nghiệp và đồ họa?",XVI,7
"Tên chương trình đào tạo tiếng Anh của ngành Công nghệ vật liệu là gì?",XVII,1
"Chương trình Công nghệ Vật liệu và Vi điện tử có mục tiêu đào tạo về trách nhiệm nghề nghiệp không?",XVII,2
"Ngành Công nghệ Vật liệu và Vi điện tử có xét tuyển bằng điểm SAT không?",XVII,3
"PLO3 về kiến thức của ngành Công nghệ Vật liệu và Vi điện tử liên quan đến vật liệu nano như thế nào?",XVII,4
"Cán bộ quản lý chất lượng (QA/QC) có phải là vị trí cho kỹ sư Công nghệ Vật liệu và Vi điện tử không?",XVII,5
"Khả năng học Thạc sĩ về vật lý sau khi tốt nghiệp Công nghệ Vật liệu và Vi điện tử?",XVII,6
"Khối kiến thức bắt buộc ngành của chương trình Công nghệ Vật liệu và Vi điện tử có bao nhiêu tín chỉ?",XVII,7
"Ngành Công nghệ sinh học (chương trình CNKT sinh học) cấp bằng gì?",XVIII,1
"Chương trình CNKT sinh học có mục tiêu đào tạo về Khoa học dữ liệu không?",XVIII,2
"Tuyển sinh ngành CNKT sinh học có xét điểm thi THPT không?",XVIII,3
"Chuẩn đầu ra kiến thức PLO4 của ngành CNKT sinh học là gì?",XVIII,4
"Kỹ thuật viên phòng xét nghiệm y tế có phải là vị trí cho kỹ sư CNKT sinh học không?",XVIII,5
"Sau khi tốt nghiệp CNKT sinh học có thể học tiếp về Công nghệ thực phẩm không?",XVIII,6
"Số tín chỉ tự chọn theo định hướng chuyên sâu của chương trình CNKT sinh học?",XVIII,7
"Mã ngành của ngành Khoa học dữ liệu (chương trình Khoa học và kỹ thuật dữ liệu) là gì?",XIX,1
"Chương trình Khoa học và kỹ thuật dữ liệu đào tạo cử nhân khoa học trong mấy năm?",XIX,1
"Mục tiêu của chương trình Khoa học và kỹ thuật dữ liệu là đào tạo nhân lực cho lĩnh vực nào?",XIX,2
"Chương trình Khoa học và kỹ thuật dữ liệu có đào tạo kỹ năng thuyết trình không?",XIX,2
"Thông tin tuyển sinh ngành Khoa học và kỹ thuật dữ liệu dựa trên hướng dẫn của cơ quan nào?",XIX,3
"Phương thức xét tuyển bằng chứng chỉ A-Level có áp dụng cho ngành Khoa học và kỹ thuật dữ liệu không?",XIX,3
"PLO2 về kiến thức của ngành Khoa học và kỹ thuật dữ liệu yêu cầu vận dụng kiến thức gì?",XIX,4
"Sinh viên Khoa học và kỹ thuật dữ liệu cần có kỹ năng tổ chức hoạt động nhóm ra sao?",XIX,4
"Cán bộ thiết kế hệ thống dữ liệu lớn có phải là vị trí cho cử nhân Khoa học và kỹ thuật dữ liệu không?",XIX,5
"Cơ hội làm trợ giảng sau khi tốt nghiệp ngành Khoa học và kỹ thuật dữ liệu?",XIX,5
"Cử nhân Khoa học và kỹ thuật dữ liệu có thể học Thạc sĩ về Trí tuệ nhân tạo không?",XIX,6
"Khả năng khởi nghiệp trong lĩnh vực Công nghệ thông tin sau khi tốt nghiệp Khoa học và kỹ thuật dữ liệu?",XIX,6
"Khối kiến thức ngành (DS) của chương trình Khoa học và kỹ thuật dữ liệu gồm bao nhiêu tín chỉ bắt buộc?",XIX,7
"Chương trình Khoa học và kỹ thuật dữ liệu có bao nhiêu tín chỉ thực tập doanh nghiệp?",XIX,7
"Ngành Khoa học Máy tính có thời gian đào tạo cử nhân là bao lâu?",XX,1
"Tên văn bằng tiếng Anh của Cử nhân ngành Khoa học Máy tính là gì?",XX,1
"Mục tiêu của chương trình Khoa học Máy tính là đào tạo sinh viên giỏi chuyên môn cho công ty nào?",XX,2
"Chương trình Khoa học Máy tính có định hướng đào tạo nhà khoa học không?",XX,2
"Tuyển sinh ngành Khoa học Máy tính theo quy định của Bộ GD&ĐT và cơ quan nào nữa?",XX,3
"Đề án tuyển sinh ngành Khoa học Máy tính của trường nào?",XX,3
"PLO1.3 về kiến thức của ngành Khoa học Máy tính bao gồm những nội dung gì?",XX,4
"Sinh viên Khoa học Máy tính cần có kỹ năng lập kế hoạch và quản lý dự án CNTT như thế nào?",XX,4
"Lập trình viên phần mềm có phải là một vị trí phổ biến cho cử nhân Khoa học Máy tính không?",XX,5
"Cử nhân Khoa học Máy tính có thể làm kỹ sư xử lý dữ liệu không?",XX,5
"Sau khi tốt nghiệp Khoa học Máy tính có thể học các khóa đào tạo chuyên môn ngắn hạn không?",XX,6
"Khả năng trở thành chuyên gia CNTT sau khi tốt nghiệp Khoa học Máy tính?",XX,6
"Tổng số tín chỉ của chương trình Cử nhân Khoa học Máy tính là bao nhiêu?",XX,7
"Khối kiến thức ngành của chương trình Khoa học Máy tính có bao nhiêu tín chỉ tự chọn?",XX,7
"Ngành Mạng máy tính và Truyền thông dữ liệu có đào tạo về an ninh mạng không?",I,4
"Mục tiêu phát triển kỹ năng tự học của sinh viên Mạng máy tính và Truyền thông dữ liệu là gì?",I,2
"Ngành Công nghệ Thông tin có định hướng về Hệ thống thông tin không?",II,2
"Chuẩn đầu ra về tiếng Anh của ngành Công nghệ Thông tin là bậc mấy?",II,4
"Sinh viên CNTT định hướng Nhật Bản cần thành thạo những công cụ phần mềm nào?",III,2
"Vị trí việc làm nào cho ngành CNTT định hướng Nhật Bản liên quan đến quản lý dự án?",III,5
"Ngành Trí tuệ nhân tạo đào tạo kiến thức về Khoa học dữ liệu như thế nào?",IV,2
"Cử nhân Trí tuệ nhân tạo cần có kỹ năng làm việc độc lập và tự định hướng ra sao?",IV,4
"Chương trình CNKT Điện tử – Viễn thông có đào tạo về công nghệ nano không?",V,2
"Sinh viên CNKT Điện tử – Viễn thông ra trường có thể làm về thiết kế vi mạch không?",V,5
"Mục tiêu đào tạo kỹ sư Kỹ thuật máy tính về phần cứng là gì?",VI,2
"Chuẩn đầu ra PLO3 về kiến thức của ngành Kỹ thuật máy tính là gì?",VI,4
"Ngành Kỹ thuật robot có đào tạo về cơ khí và lập trình điều khiển không?",VII,2
"Sinh viên Kỹ thuật robot cần có phẩm chất đạo đức và ý thức cộng đồng như thế nào?",VII,4
"Chương trình CNKT Cơ điện tử có định hướng kỹ sư như thế nào?",VIII,2
"Vị trí chuyên viên phân tích trong ngành CNKT Cơ điện tử đòi hỏi kỹ năng gì?",VIII,5
"Mục tiêu đào tạo kỹ sư Kỹ thuật điều khiển và Tự động hóa về khả năng làm việc độc lập?",IX,2
"Chuẩn đầu ra về kiến thức quản lý của ngành Kỹ thuật điều khiển và Tự động hóa?",IX,4
"Ngành Cơ kỹ thuật có đào tạo về thiết kế máy móc không?",X,2
"Sinh viên Cơ kỹ thuật cần có kỹ năng giao tiếp ngoại ngữ như thế nào?",X,4
"Chương trình Vật lý Kỹ thuật có đào tạo về công nghệ ứng dụng trong y sinh không?",XI,2
"Cử nhân Vật lý Kỹ thuật cần có năng lực tự học và nghiên cứu như thế nào?",XI,4
"Ngành Kỹ thuật năng lượng đào tạo về kỹ thuật năng lượng mặt trời ra sao?",XII,2
"Chuẩn đầu ra về kiến thức an toàn năng lượng của ngành Kỹ thuật năng lượng?",XII,4
"Mục tiêu của ngành CNKT Xây dựng về thiết kế và thi công công trình giao thông?",XIII,2
"Sinh viên CNKT Xây dựng có cần kỹ năng làm việc nhóm trong môi trường áp lực cao không?",XIII,4
"Chương trình CN Hàng không Vũ trụ đào tạo kiến thức về Điện tử như thế nào?",XIV,2
"Kỹ sư CN Hàng không Vũ trụ cần có ý thức trách nhiệm xã hội ra sao?",XIV,4
"Mục tiêu ngành Công nghệ nông nghiệp về phát triển công nghệ là gì?",XV,2
"Chuẩn đầu ra về kiến thức quản lý sản xuất nông nghiệp bền vững của ngành Công nghệ nông nghiệp?",XV,4
"Ngành Thiết kế công nghiệp và đồ họa đào tạo về thiết kế nhận diện thương hiệu như thế nào?",XVI,2
"Cử nhân Thiết kế công nghiệp và đồ họa cần có tư duy khởi nghiệp sáng tạo ra sao?",XVI,4
"Chương trình CN Vật liệu và Vi điện tử đào tạo kiến thức về AI không?",XVII,2
"Kỹ sư CN Vật liệu và Vi điện tử cần có kỹ năng làm việc nhóm và giao tiếp chuyên nghiệp thế nào?",XVII,4
"Mục tiêu của ngành CNKT Sinh học về ứng dụng khoa học dữ liệu?",XVIII,2
"Sinh viên CNKT Sinh học cần có năng lực tự học suốt đời và tư duy đổi mới như thế nào?",XVIII,4
"Chương trình Khoa học và kỹ thuật dữ liệu đào tạo kiến thức liên ngành ra sao?",XIX,2
"Cử nhân Khoa học và kỹ thuật dữ liệu cần có kỹ năng thuyết trình như thế nào?",XIX,4
"Ngành Khoa học Máy tính có định hướng về Xử lý dữ liệu thông minh không?",XX,2
"Sinh viên Khoa học Máy tính cần có phẩm chất nghề nghiệp như thế nào theo mục tiêu đào tạo?",XX,4
"Tìm hiểu về thời gian đào tạo của ngành Kỹ thuật robot.",VII,1
"Mục tiêu cụ thể PO1 của chương trình Công nghệ kỹ thuật cơ điện tử là gì?",VIII,2
"Thông tin về các phương thức xét tuyển ngành Kỹ thuật điều khiển và Tự động hóa?",IX,3
"Chuẩn đầu ra kiến thức PLO7 của ngành Cơ kỹ thuật nói về điều gì?",X,4
"Các vị trí việc làm liên quan đến quản lý chất lượng sản phẩm cho ngành Vật lý Kỹ thuật?",XI,5
"Cơ hội học tập nâng cao về năng lượng truyền thống cho kỹ sư Kỹ thuật năng lượng?",XII,6
"Khối kiến thức theo khối ngành của chương trình Công nghệ Kỹ thuật xây dựng gồm bao nhiêu tín chỉ?",XIII,7
"Mã ngành của chương trình Công nghệ Hàng không Vũ trụ?",XIV,1
"Chương trình Công nghệ nông nghiệp có mục tiêu đào tạo kỹ sư làm việc cho tổ chức quốc tế không?",XV,2
"Kỹ năng sử dụng các công cụ thiết kế hiện đại là chuẩn đầu ra nào của ngành Thiết kế công nghiệp và đồ họa?",XVI,4
"Vị trí nhân viên phân tích trong các tập đoàn công nghiệp có phù hợp với Kỹ sư Công nghệ Vật liệu và Vi điện tử không?",XVII,5
"Khả năng học Thạc sĩ ngành Công nghệ thực phẩm sau khi tốt nghiệp Công nghệ sinh học?",XVIII,6
"Tổng số tín chỉ của chương trình Khoa học và kỹ thuật dữ liệu là bao nhiêu?",XIX,7
"Ngành Khoa học Máy tính đào tạo những định hướng chuyên sâu nào?",XX,2
"Chương trình Mạng máy tính và Truyền thông dữ liệu cấp bằng Kỹ sư hay Cử nhân?",I,1
"Mục tiêu của ngành Mạng máy tính và Truyền thông dữ liệu là đào tạo nhân lực cho thị trường nào?",I,2
"Ngành Mạng máy tính và Truyền thông dữ liệu có xét tuyển bằng điểm thi Đánh giá năng lực không?",I,3
"Sinh viên tốt nghiệp Mạng máy tính và Truyền thông dữ liệu cần có năng lực tự chủ ra sao?",I,4
"Kỹ sư Mạng máy tính và Truyền thông dữ liệu có thể làm chuyên viên tư vấn được không?",I,5
"Cơ hội học Thạc sĩ ngành Mạng máy tính và Truyền thông dữ liệu ở nước ngoài?",I,6
"Khối kiến thức chung theo lĩnh vực của ngành Mạng máy tính và Truyền thông dữ liệu gồm bao nhiêu tín chỉ?",I,7
"Ngành Mạng máy tính và Truyền thông dữ liệu có mã số tuyển sinh là gì?",I,1
"Thời gian đào tạo chuẩn của ngành Kỹ sư Mạng máy tính và Truyền thông dữ liệu là bao nhiêu?",I,1
"Định hướng đào tạo về làm việc trong các tập đoàn lớn của ngành Mạng máy tính và Truyền thông dữ liệu được thể hiện thế nào?",I,2
"Kỹ năng tự cập nhật công nghệ mới có phải là mục tiêu đào tạo của ngành Mạng máy tính và Truyền thông dữ liệu không?",I,2
"Ngành Mạng máy tính và Truyền thông dữ liệu có xét tuyển dựa trên kết quả thi tốt nghiệp THPT không?",I,3
"Một ví dụ về chuẩn đầu ra kiến thức chuyên ngành định hướng Phát triển ứng dụng Internet của ngành MMT&TTDL?",I,4
"Kỹ sư MMT&TTDL cần có khả năng phân tích dữ liệu và đánh giá kỹ thuật như thế nào theo chuẩn đầu ra?",I,4
"Cơ hội làm việc cho kỹ sư Mạng máy tính và Truyền thông dữ liệu trong các doanh nghiệp phát triển phần mềm?",I,5
"Sau khi tốt nghiệp Mạng máy tính và Truyền thông dữ liệu, có thể học chuyên sâu về an ninh mạng ở đâu?",I,6
"Số tín chỉ cho các học phần tự chọn trong khối kiến thức ngành của chương trình MMT&TTDL?",I,7
"Chương trình Công nghệ Thông tin có bao nhiêu tín chỉ cho Khối kiến thức chung theo khối ngành?",II,7
"Ngành Công nghệ Thông tin trang bị kiến thức về khoa học xã hội và nhân văn như thế nào?",II,4
"Mục tiêu đào tạo kỹ năng làm việc trong môi trường quốc tế của ngành Công nghệ Thông tin là gì?",II,2
"Tên tiếng Anh chính thức của ngành Công nghệ Thông tin là gì?",II,1
"Cử nhân Công nghệ Thông tin có thể làm chuyên viên tư vấn dịch vụ CNTT không?",II,5
"Điều kiện để học tiếp lên Thạc sĩ sau khi tốt nghiệp ngành Công nghệ Thông tin?",II,6
"Phương thức xét tuyển dựa trên chứng chỉ quốc tế cho ngành Công nghệ Thông tin là gì?",II,3
"Ngành CNTT định hướng Nhật Bản có yêu cầu về hiểu biết văn hóa Nhật không?",III,2
"Chuẩn đầu ra PLO1.3 của ngành CNTT định hướng Nhật Bản là gì?",III,4
"Cơ hội thực tập tại doanh nghiệp Nhật Bản cho sinh viên ngành CNTT định hướng Nhật Bản?",III,5
"Tổng số tín chỉ chuyên môn của chương trình CNTT định hướng Nhật Bản là bao nhiêu?",III,7
"Ngành CNTT định hướng Nhật Bản có đào tạo về quản lý dự án phần mềm không?",III,2
"Thời gian hoàn thành chương trình cử nhân Trí tuệ nhân tạo là mấy năm?",IV,1
"Mục tiêu của ngành Trí tuệ nhân tạo về đào tạo kỹ năng tự học và thích nghi?",IV,2
"Ngành Trí tuệ nhân tạo có xét tuyển dựa trên kết quả thi Đánh giá năng lực của ĐHQGHN không?",IV,3
"PLO3 về kiến thức của ngành Trí tuệ nhân tạo tập trung vào nội dung gì?",IV,4
"Cử nhân Trí tuệ nhân tạo có thể làm việc ở vị trí kỹ sư phát triển hệ thống AI không?",IV,5
"Khả năng nghiên cứu sau đại học về Khoa học dữ liệu cho người tốt nghiệp Trí tuệ nhân tạo?",IV,6
"Khối kiến thức theo khối ngành, nhóm ngành của chương trình Trí tuệ nhân tạo gồm bao nhiêu tín chỉ?",IV,7
"Ngành CNKT Điện tử – Viễn thông có đào tạo về công nghệ nano không?",V,2
"Chuẩn đầu ra PLO5 về kỹ năng của ngành CNKT Điện tử – Viễn thông là gì?",V,4
"Kỹ sư CNKT Điện tử – Viễn thông có thể làm việc trong lĩnh vực mạng truyền thông không?",V,5
"Chương trình CNKT Điện tử – Viễn thông có bao nhiêu tín chỉ cho các học phần lựa chọn theo định hướng?",V,7
"Tên văn bằng tiếng Việt của ngành Kỹ thuật máy tính khi tốt nghiệp là gì?",VI,1
"Mục tiêu PO4 của chương trình Kỹ thuật máy tính liên quan đến trình độ ngoại ngữ như thế nào?",VI,2
"Ngành Kỹ thuật máy tính có yêu cầu về điểm thi tốt nghiệp THPT khi xét tuyển không?",VI,3
"PLO1 về kiến thức của ngành Kỹ thuật máy tính bao gồm những khía cạnh nào?",VI,4
"Kỹ sư Kỹ thuật máy tính có thể làm việc trong lĩnh vực thiết kế phần cứng không?",VI,5
"Cơ hội học tập nâng cao trình độ về Công nghệ thông tin sau khi tốt nghiệp Kỹ thuật máy tính?",VI,6
"Khối kiến thức ngành của chương trình Kỹ thuật máy tính có bao nhiêu tín chỉ bắt buộc?",VI,7
"Ngành Kỹ thuật robot có phải là ngành đào tạo mới không?",VII,1
"Chương trình Kỹ thuật robot đào tạo kỹ sư có khả năng thiết kế và chế tạo sản phẩm không?",VII,2
"Quy mô tuyển sinh dự kiến của ngành Kỹ thuật robot là bao nhiêu sinh viên mỗi khóa?",VII,3
"Chuẩn đầu ra PLO2 về kiến thức của ngành Kỹ thuật robot là gì?",VII,4
"Kỹ sư Kỹ thuật robot có thể làm việc trong các doanh nghiệp về tự động hóa không?",VII,5
"Khả năng học Thạc sĩ ngành Kỹ thuật cơ điện tử sau khi tốt nghiệp Kỹ thuật robot?",VII,6
"Số tín chỉ cho các học phần bắt buộc trong khối kiến thức ngành của chương trình Kỹ thuật robot?",VII,7
"Ngành CNKT Cơ điện tử có thời gian đào tạo là bao nhiêu?",VIII,1
"Mục tiêu PO5 của chương trình CNKT Cơ điện tử nhấn mạnh điều gì?",VIII,2
"Ngành CNKT Cơ điện tử có phương thức xét tuyển dựa trên chứng chỉ quốc tế không?",VIII,3
"PLO3 về kiến thức của ngành CNKT Cơ điện tử là gì?",VIII,4
"Cử nhân CNKT Cơ điện tử có thể làm việc trong lĩnh vực thiết kế hệ thống sản xuất không?",VIII,5
"Khả năng học tập nâng cao về Tự động hóa sau khi tốt nghiệp CNKT Cơ điện tử?",VIII,6
"Khối kiến thức theo nhóm ngành của chương trình CNKT Cơ điện tử có bao nhiêu tín chỉ?",VIII,7
"Tên tiếng Anh của văn bằng Kỹ sư ngành Kỹ thuật điều khiển và Tự động hóa?",IX,1
"Chương trình Kỹ thuật điều khiển và Tự động hóa đào tạo kỹ năng làm việc nhóm như thế nào?",IX,2
"Ngành Kỹ thuật điều khiển và Tự động hóa có xét tuyển thẳng học sinh giỏi quốc gia không?",IX,3
"PLO6 về kiến thức của ngành Kỹ thuật điều khiển và Tự động hóa liên quan đến thử nghiệm và phân tích dữ liệu ra sao?",IX,4
"Kỹ sư Kỹ thuật điều khiển và Tự động hóa có thể làm việc trong các nhà máy điện không?",IX,5
"Cơ hội học tập tại nước ngoài sau khi tốt nghiệp ngành Kỹ thuật điều khiển và Tự động hóa?",IX,6
"Số tín chỉ cho Đồ án tốt nghiệp của ngành Kỹ thuật điều khiển và Tự động hóa?",IX,7
"Ngành Cơ kỹ thuật đào tạo trong bao lâu để nhận bằng Kỹ sư?",X,1
"Mục tiêu PO1 của chương trình Cơ kỹ thuật là gì?",X,2
"Thông tin về tổ hợp môn xét tuyển vào ngành Cơ kỹ thuật?",X,3
"Chuẩn đầu ra PLO4 về kiến thức của ngành Cơ kỹ thuật liên quan đến mô hình hóa như thế nào?",X,4
"Kỹ sư Cơ kỹ thuật có thể làm việc trong lĩnh vực dầu khí không?",X,5
"Khả năng nghiên cứu các ứng dụng thực tế sau khi tốt nghiệp ngành Cơ kỹ thuật?",X,6
"Khối kiến thức định hướng chuyên sâu về Thủy khí công nghiệp và môi trường của ngành Cơ kỹ thuật có bao nhiêu tín chỉ bắt buộc?",X,7
"Danh hiệu tốt nghiệp của ngành Vật lý Kỹ thuật là Cử nhân hay Kỹ sư?",XI,1
"Mục tiêu MT3 của chương trình Vật lý Kỹ thuật nhấn mạnh kỹ năng sử dụng công cụ nào?",XI,2
"Ngành Vật lý Kỹ thuật có các phương thức tuyển sinh nào khác ngoài điểm thi THPT?",XI,3
"PLO7 về kiến thức của ngành Vật lý Kỹ thuật là gì?",XI,4
"Cử nhân Vật lý Kỹ thuật có thể làm chuyên viên kiểm soát chất lượng sản phẩm không?",XI,5
"Sau khi tốt nghiệp Vật lý Kỹ thuật, có thể học Thạc sĩ về vật liệu micro-nano không?",XI,6
"Số tín chỉ cho Khối kiến thức theo khối ngành của chương trình Vật lý Kỹ thuật?",XI,7
"Ngành Kỹ thuật năng lượng có thời gian đào tạo là mấy năm?",XII,1
"Chương trình Kỹ thuật năng lượng đào tạo kiến thức về an toàn năng lượng như thế nào?",XII,2
"Quy chế tuyển sinh ngành Kỹ thuật năng lượng có điểm gì đặc thù không?",XII,3
"Chuẩn đầu ra PLO5 về kiến thức của ngành Kỹ thuật năng lượng là gì?",XII,4
"Kỹ sư Kỹ thuật năng lượng có thể làm việc trong lĩnh vực năng lượng sinh học không?",XII,5
"Khả năng học tập nâng cao về khoa học vật liệu sau khi tốt nghiệp Kỹ thuật năng lượng?",XII,6
"Số tín chỉ bắt buộc (cơ sở ngành và chuyên ngành) của chương trình Kỹ thuật năng lượng?",XII,7
"Mã số ngành đào tạo của Công nghệ Kỹ thuật xây dựng là gì?",XIII,1
"Mục tiêu của ngành Công nghệ Kỹ thuật xây dựng về kỹ năng đo đạc, kiểm tra, thí nghiệm?",XIII,2
"Ngành Công nghệ Kỹ thuật xây dựng có xét tuyển học bạ không?",XIII,3
"PLO1 về kiến thức của ngành Công nghệ Kỹ thuật xây dựng bao gồm những gì?",XIII,4
"Kỹ sư Công nghệ Kỹ thuật xây dựng có thể làm cán bộ quản lý tại các Sở Giao thông vận tải không?",XIII,5
"Cơ hội học Thạc sĩ về Kỹ thuật xây dựng công trình ngầm sau khi tốt nghiệp CNKT Xây dựng?",XIII,6
"Khối kiến thức ngành của chương trình Công nghệ Kỹ thuật xây dựng có bao nhiêu tín chỉ tự chọn?",XIII,7
"Ngành Công nghệ Hàng không Vũ trụ đào tạo Kỹ sư trong bao lâu?",XIV,1
"Mục tiêu A2 của chương trình Công nghệ Hàng không Vũ trụ liên quan đến vệ tinh như thế nào?",XIV,2
"Thông tin về các tổ hợp xét tuyển vào ngành Công nghệ Hàng không Vũ trụ?",XIV,3
"Chuẩn đầu ra kiến thức PLO3 của ngành Công nghệ Hàng không Vũ trụ là gì?",XIV,4
"Kỹ sư thiết kế hệ thống nhúng có phải là một lựa chọn nghề nghiệp cho ngành Công nghệ Hàng không Vũ trụ không?",XIV,5
"Sau khi tốt nghiệp Công nghệ Hàng không Vũ trụ có thể học lên Tiến sĩ ngành Cơ kỹ thuật không?",XIV,6
"Số tín chỉ cho các học phần bắt buộc trong khối kiến thức ngành của chương trình Công nghệ Hàng không Vũ trụ?",XIV,7
"Tên tiếng Anh của ngành Công nghệ nông nghiệp là gì?",XV,1
"Chương trình Công nghệ nông nghiệp có mục tiêu đào tạo kỹ sư có khả năng khởi nghiệp không?",XV,2
"Ngành Công nghệ nông nghiệp có xét tuyển dựa trên thành tích học tập THPT không?",XV,3
"PLO6 về kiến thức của ngành Công nghệ nông nghiệp liên quan đến cải tiến công nghệ như thế nào?",XV,4
"Cán bộ quản lý dự án nông nghiệp công nghệ cao có phải là vị trí cho Kỹ sư Công nghệ nông nghiệp không?",XV,5
"Khả năng học Thạc sĩ về điều khiển tự động hóa sau khi tốt nghiệp Công nghệ nông nghiệp?",XV,6
"Số tín chỉ cho Đồ án tốt nghiệp của chương trình Công nghệ nông nghiệp là bao nhiêu?",XV,7
"Ngành Thiết kế công nghiệp và đồ họa có thời gian đào tạo là mấy năm?",XVI,1
"Mục tiêu của ngành Thiết kế công nghiệp và đồ họa về kiến thức thiết kế hệ thống?",XVI,2
"Quy trình tuyển sinh ngành Thiết kế công nghiệp và đồ họa có điểm gì cần lưu ý?",XVI,3
"Chuẩn đầu ra kiến thức PLO4 của ngành Thiết kế công nghiệp và đồ họa là gì?",XVI,4
"Cử nhân Thiết kế công nghiệp và đồ họa có thể làm lập trình tương tác game không?",XVI,5
"Sau khi tốt nghiệp Thiết kế công nghiệp và đồ họa có thể học lên về thiết kế sản phẩm không?",XVI,6
"Khối kiến thức theo nhóm ngành của chương trình Thiết kế công nghiệp và đồ họa có bao nhiêu tín chỉ bắt buộc?",XVI,7
"Tên ngành đào tạo tiếng Việt của chương trình Công nghệ Vật liệu và Vi điện tử là gì?",XVII,1
"Chương trình Công nghệ Vật liệu và Vi điện tử có mục tiêu đào tạo về ý thức phục vụ cộng đồng không?",XVII,2
"Ngành Công nghệ Vật liệu và Vi điện tử có xét tuyển bằng điểm thi Đánh giá năng lực không?",XVII,3
"PLO1 về kiến thức của ngành Công nghệ Vật liệu và Vi điện tử bao gồm những gì?",XVII,4
"Cán bộ kỹ thuật phân tích vật liệu có phải là vị trí cho Kỹ sư Công nghệ Vật liệu và Vi điện tử không?",XVII,5
"Khả năng học Thạc sĩ về điện tử sau khi tốt nghiệp Công nghệ Vật liệu và Vi điện tử?",XVII,6
"Số tín chỉ cho khối kiến thức định hướng chuyên sâu về Công nghệ vật liệu của chương trình CNVL&VĐT?",XVII,7
"Ngành Công nghệ sinh học (chương trình CNKT sinh học) có thời gian đào tạo bao lâu?",XVIII,1
"Mục tiêu của chương trình CNKT sinh học về đào tạo năng lực tư duy độc lập?",XVIII,2
"Tuyển sinh ngành CNKT sinh học có phương thức xét tuyển kết hợp chứng chỉ quốc tế không?",XVIII,3
"Chuẩn đầu ra kiến thức PLO2 của ngành CNKT sinh học là gì?",XVIII,4
"Nhân viên R&D trong lĩnh vực y tế có phải là vị trí cho kỹ sư CNKT sinh học không?",XVIII,5
"Sau khi tốt nghiệp CNKT sinh học có thể học lên Tiến sĩ các ngành liên quan ở nước ngoài không?",XVIII,6
"Số tín chỉ tự chọn trong khối kiến thức ngành của chương trình CNKT sinh học?",XVIII,7
"Ngành Khoa học dữ liệu (chương trình Khoa học và kỹ thuật dữ liệu) cấp bằng gì?",XIX,1
"Mục tiêu của chương trình Khoa học và kỹ thuật dữ liệu về đào tạo kiến thức cơ sở ngành?",XIX,2
"Thông tin về các phương thức tuyển sinh khác của ngành Khoa học và kỹ thuật dữ liệu?",XIX,3
"PLO3 về kiến thức của ngành Khoa học và kỹ thuật dữ liệu yêu cầu vận dụng kiến thức gì?",XIX,4
"Cán bộ quản lý hệ thống dữ liệu lớn có phải là vị trí cho cử nhân Khoa học và kỹ thuật dữ liệu không?",XIX,5
"Khả năng học Thạc sĩ về Công nghệ thông tin sau khi tốt nghiệp Khoa học và kỹ thuật dữ liệu?",XIX,6
"Khối kiến thức theo nhóm ngành (AI, DS) của chương trình Khoa học và kỹ thuật dữ liệu có bao nhiêu tín chỉ?",XIX,7
"Tên ngành đào tạo tiếng Anh của ngành Khoa học Máy tính là gì?",XX,1
"Mục tiêu của chương trình Khoa học Máy tính về đào tạo kỹ năng làm việc nhóm?",XX,2
"Tuyển sinh ngành Khoa học Máy tính có xét tuyển thẳng không?",XX,3
"PLO1.2 về kiến thức của ngành Khoa học Máy tính bao gồm những nội dung gì?",XX,4
"Chuyên viên phát triển ứng dụng di động có phải là một vị trí cho cử nhân Khoa học Máy tính không?",XX,5
"Cơ hội khởi nghiệp trong lĩnh vực công nghệ cho người tốt nghiệp Khoa học Máy tính?",XX,6
"Khối kiến thức chung theo lĩnh vực của chương trình Khoa học Máy tính có bao nhiêu tín chỉ?",XX,7
"Ngành Mạng máy tính và Truyền thông dữ liệu có yêu cầu tiếng Anh đầu ra không?",I,4
"Chương trình Công nghệ Thông tin có đào tạo về Trí tuệ nhân tạo không?",II,2
"Sinh viên CNTT định hướng Nhật Bản có cơ hội làm việc tại các công ty phần mềm lớn không?",III,5
"Ngành Trí tuệ nhân tạo có các định hướng ứng dụng nào?",IV,4
"Mục tiêu về khả năng tự nghiên cứu của sinh viên CNKT Điện tử – Viễn thông?",V,2
"Kỹ sư Kỹ thuật máy tính cần có kiến thức về hệ điều hành như thế nào?",VI,4
"Chương trình Kỹ thuật robot có đào tạo về CAD/CAM không?",VII,7
"Ngành CNKT Cơ điện tử có học phần nào về Matlab không?",VIII,7
"Sinh viên Kỹ thuật điều khiển và Tự động hóa có cần học về Trí tuệ nhân tạo không?",IX,7
"Ngành Cơ kỹ thuật có định hướng chuyên sâu về Công nghệ vũ trụ không?",X,7
"Chương trình Vật lý Kỹ thuật có các học phần thực hành công nghệ nào?",XI,7
"Ngành Kỹ thuật năng lượng có định hướng về Năng lượng mặt trời không?",XII,7
"Sinh viên CNKT Xây dựng có học về Quản lý dự án và rủi ro không?",XIII,7
"Chương trình CN Hàng không Vũ trụ có các học phần về Cơ học chất lỏng không?",XIV,7
"Ngành Công nghệ nông nghiệp có đào tạo về ứng dụng IoT không?",XV,7
"Chuyên ngành Thiết kế và kĩ thuật đồ họa của ngành Thiết kế công nghiệp và đồ họa học những gì?",XVI,7
"Ngành CN Vật liệu và Vi điện tử có học phần về Kỹ thuật laser không?",XVII,7
"Chương trình CNKT Sinh học có định hướng về Công nghệ kỹ thuật sinh học Nông nghiệp không?",XVIII,7
"Định hướng chuyên sâu về Dữ liệu kinh doanh của ngành Khoa học và kỹ thuật dữ liệu gồm những môn nào?",XIX,7
"Ngành Khoa học Máy tính có học phần về Xử lý ngôn ngữ tự nhiên không?",XX,7